Date,High
1980-03-24,290.0
1980-03-31,280.0
1980-04-07,285.0
1980-04-14,275.0
1980-04-21,295.0
1980-04-28,275.0
1980-05-05,305.0
1980-05-12,330.0
1980-05-19,335.0
1980-05-26,340.0
1980-06-02,330.0
1980-06-09,340.0
1980-06-16,340.0
1980-06-23,330.0
1980-06-30,325.0
1980-07-07,335.0
1980-07-14,345.0
1980-07-21,360.0
1980-07-28,340.0
1980-08-04,380.0
1980-08-11,390.0
1980-08-18,405.0
1980-08-25,405.0
1980-09-01,380.0
1980-09-08,415.0
1980-09-15,415.0
1980-09-22,415.0
1980-09-29,400.0
1980-10-06,410.0
1980-10-13,425.0
1980-10-20,440.0
1980-10-27,435.0
1980-11-03,420.0
1980-11-10,420.0
1980-11-17,445.0
1980-11-24,450.0
1980-12-01,475.0
1980-12-08,490.0
1980-12-15,425.0
1980-12-22,435.0
1980-12-29,440.0
1981-01-05,445.0
1981-01-12,445.0
1981-01-19,445.0
1981-01-26,430.0
1981-02-02,450.0
1981-02-09,445.0
1981-02-16,425.0
1981-02-23,500.0
1981-03-02,500.0
1981-03-09,505.0
1981-03-16,495.0
1981-03-23,495.0
1981-03-30,510.0
1981-04-06,510.0
1981-04-13,510.0
1981-04-20,515.0
1981-04-27,535.0
1981-05-04,540.0
1981-05-11,540.0
1981-05-18,540.0
1981-05-25,520.0
1981-06-01,540.0
1981-06-08,540.0
1981-06-15,540.0
1981-06-22,530.0
1981-06-29,525.0
1981-07-06,505.0
1981-07-13,480.0
1981-07-20,490.0
1981-07-27,500.0
1981-08-03,505.0
1981-08-10,535.0
1981-08-17,530.0
1981-08-24,520.0
1981-08-31,505.0
1981-09-07,505.0
1981-09-14,500.0
1981-09-21,495.0
1981-09-28,480.0
1981-10-05,460.0
1981-10-12,485.0
1981-10-19,505.0
1981-10-26,525.0
1981-11-02,535.0
1981-11-09,535.0
1981-11-16,560.0
1981-11-23,590.0
1981-11-30,605.0
1981-12-07,600.0
1981-12-14,575.0
1981-12-21,575.0
1981-12-28,570.0
1982-01-04,570.0
1982-01-11,560.0
1982-01-18,555.0
1982-01-25,525.0
1982-02-01,530.0
1982-02-08,530.0
1982-02-15,530.0
1982-02-22,530.0
1982-03-01,530.0
1982-03-08,515.0
1982-03-15,485.0
1982-03-22,490.0
1982-03-29,495.0
1982-04-05,520.0
1982-04-12,525.0
1982-04-19,520.0
1982-04-26,525.0
1982-05-03,520.0
1982-05-10,535.0
1982-05-17,525.0
1982-05-24,525.0
1982-05-31,520.0
1982-06-07,515.0
1982-06-14,500.0
1982-06-21,495.0
1982-06-28,515.0
1982-07-05,510.0
1982-07-12,490.0
1982-07-19,500.0
1982-07-26,500.0
1982-08-02,495.0
1982-08-09,485.0
1982-08-16,470.0
1982-08-23,505.0
1982-08-30,515.0
1982-09-06,540.0
1982-09-13,545.0
1982-09-20,560.0
1982-09-27,565.0
1982-10-04,600.0
1982-10-11,620.0
1982-10-18,635.0
1982-10-25,630.0
1982-11-01,680.0
1982-11-08,705.0
1982-11-15,710.0
1982-11-22,705.0
1982-11-29,705.0
1982-12-06,720.0
1982-12-13,745.0
1982-12-20,790.0
1982-12-27,790.0
1983-01-03,795.0
1983-01-10,800.0
1983-01-17,790.0
1983-01-24,780.0
1983-01-31,785.0
1983-02-07,785.0
1983-02-14,815.0
1983-02-21,845.0
1983-02-28,880.0
1983-03-07,885.0
1983-03-14,895.0
1983-03-21,970.0
1983-03-28,985.0
1983-04-04,930.0
1983-04-11,935.0
1983-04-18,965.0
1983-04-25,990.0
1983-05-02,985.0
1983-05-09,980.0
1983-05-16,1000.0
1983-05-23,1005.0
1983-05-30,1005.0
1983-06-06,1005.0
1983-06-13,990.0
1983-06-20,980.0
1983-06-27,965.0
1983-07-04,930.0
1983-07-11,930.0
1983-07-18,970.0
1983-07-25,970.0
1983-08-01,985.0
1983-08-08,980.0
1983-08-15,1000.0
1983-08-22,1020.0
1983-08-29,1090.0
1983-09-05,1210.0
1983-09-12,1160.0
1983-09-19,1190.0
1983-09-26,1270.0
1983-10-03,1245.0
1983-10-10,1310.0
1983-10-17,1285.0
1983-10-24,1310.0
1983-10-31,1320.0
1983-11-07,1315.0
1983-11-14,1340.0
1983-11-21,1360.0
1983-11-28,1390.0
1983-12-05,1410.0
1983-12-12,1410.0
1983-12-19,1400.0
1983-12-26,1370.0
1984-01-02,1330.0
1984-01-09,1385.0
1984-01-16,1385.0
1984-01-23,1360.0
1984-01-30,1355.0
1984-02-06,1355.0
1984-02-13,1350.0
1984-02-20,1310.0
1984-02-27,1305.0
1984-03-05,1305.0
1984-03-12,1295.0
1984-03-19,1295.0
1984-03-26,1270.0
1984-04-02,1270.0
1984-04-09,1265.0
1984-04-16,1280.0
1984-04-23,1280.0
1984-04-30,1290.0
1984-05-07,1340.0
1984-05-14,1375.0
1984-05-21,1370.0
1984-05-28,1335.0
1984-06-04,1315.0
1984-06-11,1310.0
1984-06-18,1305.0
1984-06-25,1290.0
1984-07-02,1280.0
1984-07-09,1265.0
1984-07-16,1270.0
1984-07-23,1270.0
1984-07-30,1265.0
1984-08-06,1310.0
1984-08-13,1310.0
1984-08-20,1315.0
1984-08-27,1315.0
1984-09-03,1315.0
1984-09-10,1315.0
1984-09-17,1320.0
1984-09-24,1330.0
1984-10-01,1330.0
1984-10-08,1330.0
1984-10-15,1325.0
1984-10-22,1325.0
1984-10-29,1325.0
1984-11-05,1325.0
1984-11-12,1325.0
1984-11-19,1320.0
1984-11-26,1320.0
1984-12-03,1305.0
1984-12-10,1290.0
1984-12-17,1295.0
1984-12-24,1300.0
1984-12-31,1300.0
1985-01-07,1325.0
1985-01-14,1335.0
1985-01-21,1370.0
1985-01-28,1430.0
1985-02-04,1500.0
1985-02-11,1520.0
1985-02-18,1520.0
1985-02-25,1520.0
1985-03-04,1520.0
1985-03-11,1510.0
1985-03-18,1800.0
1985-03-25,1850.0
1985-04-01,1855.0
1985-04-08,1820.0
1985-04-15,1770.0
1985-04-22,1850.0
1985-04-29,1855.0
1985-05-06,1865.0
1985-05-13,1855.0
1985-05-20,1865.0
1985-05-27,1865.0
1985-06-03,1885.0
1985-06-10,1900.0
1985-06-17,1935.0
1985-06-24,2160.0
1985-07-01,2195.0
1985-07-08,2235.0
1985-07-15,2235.0
1985-07-22,2235.0
1985-07-29,2125.0
1985-08-05,2125.0
1985-08-12,2110.0
1985-08-19,2090.0
1985-08-26,2055.0
1985-09-02,2060.0
1985-09-09,2075.0
1985-09-16,2065.0
1985-09-23,2050.0
1985-09-30,2175.0
1985-10-07,2195.0
1985-10-14,2360.0
1985-10-21,2650.0
1985-10-28,2670.0
1985-11-04,2550.0
1985-11-11,2630.0
1985-11-18,2630.0
1985-11-25,2630.0
1985-12-02,2630.0
1985-12-09,2630.0
1985-12-16,2625.0
1985-12-23,2530.0
1985-12-30,2490.0
1986-01-06,2470.0
1986-01-13,2460.0
1986-01-20,2390.0
1986-01-27,2275.0
1986-02-03,2470.0
1986-02-10,2480.0
1986-02-17,2570.0
1986-02-24,2760.0
1986-03-03,3010.0
1986-03-10,3210.0
1986-03-17,3160.0
1986-03-24,3090.0
1986-03-31,3140.0
1986-04-07,2950.0
1986-04-14,2895.0
1986-04-21,2975.0
1986-04-28,2970.0
1986-05-05,2850.0
1986-05-12,2810.0
1986-05-19,2830.0
1986-05-26,2865.0
1986-06-02,2825.0
1986-06-09,2820.0
1986-06-16,2845.0
1986-06-23,2985.0
1986-06-30,3065.0
1986-07-07,2950.0
1986-07-14,2820.0
1986-07-21,2870.0
1986-07-28,2875.0
1986-08-04,2850.0
1986-08-11,3050.0
1986-08-18,3025.0
1986-08-25,3025.0
1986-09-01,2950.0
1986-09-08,2870.0
1986-09-15,2675.0
1986-09-22,2675.0
1986-09-29,2670.0
1986-10-06,2670.0
1986-10-13,2760.0
1986-10-20,2860.0
1986-10-27,2875.0
1986-11-03,2925.0
1986-11-10,2925.0
1986-11-17,2875.0
1986-11-24,2800.0
1986-12-01,2830.0
1986-12-08,2820.0
1986-12-15,2790.0
1986-12-22,2780.0
1986-12-29,2915.0
1987-01-05,3040.0
1987-01-12,3095.0
1987-01-19,3105.0
1987-01-26,3135.0
1987-02-02,3130.0
1987-02-09,3140.0
1987-02-16,3450.0
1987-02-23,3380.0
1987-03-02,3470.0
1987-03-09,3630.0
1987-03-16,3540.0
1987-03-23,3590.0
1987-03-30,3520.0
1987-04-06,3530.0
1987-04-13,3455.0
1987-04-20,3485.0
1987-04-27,3400.0
1987-05-04,3470.0
1987-05-11,3510.0
1987-05-18,3480.0
1987-05-25,3460.0
1987-06-01,3425.0
1987-06-08,3400.0
1987-06-15,3480.0
1987-06-22,3520.0
1987-06-29,3520.0
1987-07-06,3550.0
1987-07-13,3710.0
1987-07-20,3780.0
1987-07-27,3970.0
1987-08-03,4130.0
1987-08-10,4180.0
1987-08-17,4200.0
1987-08-24,4040.0
1987-08-31,4000.0
1987-09-07,3860.0
1987-09-14,3940.0
1987-09-21,3980.0
1987-09-28,4270.0
1987-10-05,4180.0
1987-10-12,4220.0
1987-10-19,3600.0
1987-10-26,3325.0
1987-11-02,3150.0
1987-11-09,3025.0
1987-11-16,3075.0
1987-11-23,3100.0
1987-11-30,2900.0
1987-12-07,2900.0
1987-12-14,3100.0
1987-12-21,3050.0
1987-12-28,3100.0
1988-01-04,3150.0
1988-01-11,3100.0
1988-01-18,3150.0
1988-01-25,3200.0
1988-02-01,3200.0
1988-02-08,3200.0
1988-02-15,3150.0
1988-02-22,3150.0
1988-02-29,3200.0
1988-03-07,3250.0
1988-03-14,3250.0
1988-03-21,3450.0
1988-03-28,3450.0
1988-04-04,3600.0
1988-04-11,3675.0
1988-04-18,3750.0
1988-04-25,3800.0
1988-05-02,3775.0
1988-05-09,3825.0
1988-05-16,3800.0
1988-05-23,3950.0
1988-05-30,3990.0
1988-06-06,4050.0
1988-06-13,4025.0
1988-06-20,4025.0
1988-06-27,4250.0
1988-07-04,4250.0
1988-07-11,4425.0
1988-07-18,4400.0
1988-07-25,4400.0
1988-08-01,4375.0
1988-08-08,4375.0
1988-08-15,4250.0
1988-08-22,4400.0
1988-08-29,4400.0
1988-09-05,4375.0
1988-09-12,4550.0
1988-09-19,4725.0
1988-09-26,4900.0
1988-10-03,4900.0
1988-10-10,4925.0
1988-10-17,4875.0
1988-10-24,4800.0
1988-10-31,4800.0
1988-11-07,4800.0
1988-11-14,4800.0
1988-11-21,4800.0
1988-11-28,4900.0
1988-12-05,5050.0
1988-12-12,4975.0
1988-12-19,4875.0
1988-12-26,4750.0
1989-01-02,4775.0
1989-01-09,4750.0
1989-01-16,4775.0
1989-01-23,4925.0
1989-01-30,5025.0
1989-02-06,5000.0
1989-02-13,4900.0
1989-02-20,4900.0
1989-02-27,4825.0
1989-03-06,4825.0
1989-03-13,4975.0
1989-03-20,4950.0
1989-03-27,4950.0
1989-04-03,5225.0
1989-04-10,5850.0
1989-04-17,6000.0
1989-04-24,6475.0
1989-05-01,6325.0
1989-05-08,5925.0
1989-05-15,6325.0
1989-05-22,6357.0
1989-05-29,6475.0
1989-06-05,6825.0
1989-06-12,7000.0
1989-06-19,6875.0
1989-06-26,7000.0
1989-07-03,6850.0
1989-07-10,6965.0
1989-07-17,7000.0
1989-07-24,7525.0
1989-07-31,7750.0
1989-08-07,8175.0
1989-08-14,8050.0
1989-08-21,8050.0
1989-08-28,8000.0
1989-09-04,8175.0
1989-09-11,8725.0
1989-09-18,8675.0
1989-09-25,8750.0
1989-10-02,8810.0
1989-10-09,8900.0
1989-10-16,8575.0
1989-10-23,8425.0
1989-10-30,8535.0
1989-11-06,8325.0
1989-11-13,8400.0
1989-11-20,8375.0
1989-11-27,8325.0
1989-12-04,8400.0
1989-12-11,8625.0
1989-12-18,8875.0
1989-12-25,8700.0
1990-01-01,8725.0
1990-01-08,8625.0
1990-01-15,8250.0
1990-01-22,8150.0
1990-01-29,7700.0
1990-02-05,7950.0
1990-02-12,7575.0
1990-02-19,7550.0
1990-02-26,7375.0
1990-03-05,7475.0
1990-03-12,7350.0
1990-03-19,7250.0
1990-03-26,7200.0
1990-04-02,6900.0
1990-04-09,7000.0
1990-04-16,7025.0
1990-04-23,6750.0
1990-04-30,7050.0
1990-05-07,7525.0
1990-05-14,7675.0
1990-05-21,7350.0
1990-05-28,7300.0
1990-06-04,7425.0
1990-06-11,7350.0
1990-06-18,7175.0
1990-06-25,7275.0
1990-07-02,7250.0
1990-07-09,7300.0
1990-07-16,7325.0
1990-07-23,7175.0
1990-07-30,7075.0
1990-08-06,6850.0
1990-08-13,7025.0
1990-08-20,6675.0
1990-08-27,6565.0
1990-09-03,6425.0
1990-09-10,6375.0
1990-09-17,6225.0
1990-09-24,6000.0
1990-10-01,6200.0
1990-10-08,5950.0
1990-10-15,6250.0
1990-10-22,6300.0
1990-10-29,6050.0
1990-11-05,6025.0
1990-11-12,6300.0
1990-11-19,6350.0
1990-11-26,6350.0
1990-12-03,6700.0
1990-12-10,6900.0
1990-12-17,6875.0
1990-12-24,6800.0
1990-12-31,6850.0
1991-01-07,6825.0
1991-01-14,6900.0
1991-01-21,7000.0
1991-01-28,7650.0
1991-02-04,7825.0
1991-02-11,7850.0
1991-02-18,7950.0
1991-02-25,8250.0
1991-03-04,8275.0
1991-03-11,8050.0
1991-03-18,8000.0
1991-03-25,8200.0
1991-04-01,8225.0
1991-04-08,8050.0
1991-04-15,8200.0
1991-04-22,8100.0
1991-04-29,8225.0
1991-05-06,8125.0
1991-05-13,8100.0
1991-05-20,8500.0
1991-05-27,8750.0
1991-06-03,8750.0
1991-06-10,8525.0
1991-06-17,8600.0
1991-06-24,8525.0
1991-07-01,8500.0
1991-07-08,8625.0
1991-07-15,9000.0
1991-07-22,8500.0
1991-07-29,8600.0
1991-08-05,8850.0
1991-08-12,9000.0
1991-08-19,8950.0
1991-08-26,8825.0
1991-09-02,9000.0
1991-09-09,9000.0
1991-09-16,8575.0
1991-09-23,9000.0
1991-09-30,8925.0
1991-10-07,9000.0
1991-10-14,8550.0
1991-10-21,8550.0
1991-10-28,8600.0
1991-11-04,8515.0
1991-11-11,8525.0
1991-11-18,8425.0
1991-11-25,8375.0
1991-12-02,8500.0
1991-12-09,8500.0
1991-12-16,8500.0
1991-12-23,8800.0
1991-12-30,9125.0
1992-01-06,8900.0
1992-01-13,8800.0
1992-01-20,8750.0
1992-01-27,8950.0
1992-02-03,8875.0
1992-02-10,8750.0
1992-02-17,8750.0
1992-02-24,8850.0
1992-03-02,8725.0
1992-03-09,8925.0
1992-03-16,8950.0
1992-03-23,9000.0
1992-03-30,8975.0
1992-04-06,8975.0
1992-04-13,9025.0
1992-04-20,9050.0
1992-04-27,9200.0
1992-05-04,9100.0
1992-05-11,9100.0
1992-05-18,9125.0
1992-05-25,9150.0
1992-06-01,9125.0
1992-06-08,9150.0
1992-06-15,9150.0
1992-06-22,9000.0
1992-06-29,9400.0
1992-07-06,9400.0
1992-07-13,9450.0
1992-07-20,9150.0
1992-07-27,9525.0
1992-08-03,9950.0
1992-08-10,9825.0
1992-08-17,9550.0
1992-08-24,9350.0
1992-08-31,9175.0
1992-09-07,9175.0
1992-09-14,9400.0
1992-09-21,9425.0
1992-09-28,9450.0
1992-10-05,9450.0
1992-10-12,9500.0
1992-10-19,9500.0
1992-10-26,9550.0
1992-11-02,9500.0
1992-11-09,9825.0
1992-11-16,10175.0
1992-11-23,11050.0
1992-11-30,10900.0
1992-12-07,11400.0
1992-12-14,11600.0
1992-12-21,11600.0
1992-12-28,11750.0
1993-01-04,11800.0
1993-01-11,11800.0
1993-01-18,12750.0
1993-01-25,12850.0
1993-02-01,12600.0
1993-02-08,12500.0
1993-02-15,12350.0
1993-02-22,12500.0
1993-03-01,12900.0
1993-03-08,13200.0
1993-03-15,12900.0
1993-03-22,12700.0
1993-03-29,12800.0
1993-04-05,12175.0
1993-04-12,12400.0
1993-04-19,12600.0
1993-04-26,12700.0
1993-05-03,13450.0
1993-05-10,13500.0
1993-05-17,14200.0
1993-05-24,15150.0
1993-05-31,16200.0
1993-06-07,16000.0
1993-06-14,16075.0
1993-06-21,15925.0
1993-06-28,16100.0
1993-07-05,16100.0
1993-07-12,16100.0
1993-07-19,16100.0
1993-07-26,16050.0
1993-08-02,16175.0
1993-08-09,16500.0
1993-08-16,17800.0
1993-08-23,17650.0
1993-08-30,17650.0
1993-09-06,17550.0
1993-09-13,16875.0
1993-09-20,16900.0
1993-09-27,16700.0
1993-10-04,17150.0
1993-10-11,17700.0
1993-10-18,17500.0
1993-10-25,17600.0
1993-11-01,17450.0
1993-11-08,17700.0
1993-11-15,17800.0
1993-11-22,17250.0
1993-11-29,17350.0
1993-12-06,17550.0
1993-12-13,17450.0
1993-12-20,16810.0
1993-12-27,16475.0
1994-01-03,16550.0
1994-01-10,16800.0
1994-01-17,16650.0
1994-01-24,16250.0
1994-01-31,16500.0
1994-02-07,16150.0
1994-02-14,16050.0
1994-02-21,15500.0
1994-02-28,15650.0
1994-03-07,15700.0
1994-03-14,16600.0
1994-03-21,16900.0
1994-03-28,16700.0
1994-04-04,16550.0
1994-04-11,16700.0
1994-04-18,16000.0
1994-04-25,16150.0
1994-05-02,16500.0
1994-05-09,16500.0
1994-05-16,16400.0
1994-05-23,16450.0
1994-05-30,16500.0
1994-06-06,16500.0
1994-06-13,16550.0
1994-06-20,16455.0
1994-06-27,16475.0
1994-07-04,17000.0
1994-07-11,17350.0
1994-07-18,18800.0
1994-07-25,19700.0
1994-08-01,19750.0
1994-08-08,19055.0
1994-08-15,19200.0
1994-08-22,19600.0
1994-08-29,19100.0
1994-09-05,19100.0
1994-09-12,18950.0
1994-09-19,18850.0
1994-09-26,18950.0
1994-10-03,19000.0
1994-10-10,19200.0
1994-10-17,20000.0
1994-10-24,20450.0
1994-10-31,20475.0
1994-11-07,20150.0
1994-11-14,20450.0
1994-11-21,20700.0
1994-11-28,20700.0
1994-12-05,20350.0
1994-12-12,20400.0
1994-12-19,20550.0
1994-12-26,20450.0
1995-01-02,20600.0
1995-01-09,22300.0
1995-01-16,23950.0
1995-01-23,23700.0
1995-01-30,25200.0
1995-02-06,24850.0
1995-02-13,23450.0
1995-02-20,23550.0
1995-02-27,22600.0
1995-03-06,22400.0
1995-03-13,22450.0
1995-03-20,22650.0
1995-03-27,22900.0
1995-04-03,22600.0
1995-04-10,22600.0
1995-04-17,22600.0
1995-04-24,22450.0
1995-05-01,23250.0
1995-05-08,23050.0
1995-05-15,23000.0
1995-05-22,23050.0
1995-05-29,22950.0
1995-06-05,22600.0
1995-06-12,22300.0
1995-06-19,24450.0
1995-06-26,24050.0
1995-07-03,23700.0
1995-07-10,24750.0
1995-07-17,24350.0
1995-07-24,24550.0
1995-07-31,25250.0
1995-08-07,24850.0
1995-08-14,25100.0
1995-08-21,25500.0
1995-08-28,25700.0
1995-09-04,29000.0
1995-09-11,29400.0
1995-09-18,30600.0
1995-09-25,30050.0
1995-10-02,29950.0
1995-10-09,29850.0
1995-10-16,29900.0
1995-10-23,29750.0
1995-10-30,29550.0
1995-11-06,29450.0
1995-11-13,31600.0
1995-11-20,32600.0
1995-11-27,31800.0
1995-12-04,32900.0
1995-12-11,33400.0
1995-12-18,33050.0
1995-12-25,32400.0
1996-01-01,32100.0
1996-01-08,31200.0
1996-01-15,31700.0
1996-01-22,31700.0
1996-01-29,32200.0
1996-02-05,32100.0
1996-02-12,34100.0
1996-02-19,35200.0
1996-02-26,36000.0
1996-03-04,38000.0
1996-03-11,37700.0
1996-03-18,35500.0
1996-03-25,34000.0
1996-04-01,35300.0
1996-04-08,34700.0
1996-04-15,33300.0
1996-04-22,33900.0
1996-04-29,34000.0
1996-05-06,36000.0
1996-05-13,35700.0
1996-05-20,34400.0
1996-05-27,33000.0
1996-06-03,32800.0
1996-06-10,33200.0
1996-06-17,32900.0
1996-06-24,31100.0
1996-07-01,32750.0
1996-07-08,32200.0
1996-07-15,32200.0
1996-07-22,31800.0
1996-07-29,31400.0
1996-08-05,31500.0
1996-08-12,33500.0
1996-08-19,33100.0
1996-08-26,31900.0
1996-09-02,31700.0
1996-09-09,32400.0
1996-09-16,32800.0
1996-09-23,32600.0
1996-09-30,32300.0
1996-10-07,32200.0
1996-10-14,32700.0
1996-10-21,32800.0
1996-10-28,32700.0
1996-11-04,33200.0
1996-11-11,33900.0
1996-11-18,33400.0
1996-11-25,33200.0
1996-12-02,33400.0
1996-12-09,33500.0
1996-12-16,33700.0
1996-12-23,36500.0
1996-12-30,34600.0
1997-01-06,33700.0
1997-01-13,34800.0
1997-01-20,35100.0
1997-01-27,34900.0
1997-02-03,36000.0
1997-02-10,37400.0
1997-02-17,36500.0
1997-02-24,36200.0
1997-03-03,37600.0
1997-03-10,37700.0
1997-03-17,37400.0
1997-03-24,37900.0
1997-03-31,37500.0
1997-04-07,37800.0
1997-04-14,37900.0
1997-04-21,37900.0
1997-04-28,38500.0
1997-05-05,39800.0
1997-05-12,40100.0
1997-05-19,43000.0
1997-05-26,44100.0
1997-06-02,45800.0
1997-06-09,48600.0
1997-06-16,48100.0
1997-06-23,47900.0
1997-06-30,47600.0
1997-07-07,47700.0
1997-07-14,48300.0
1997-07-21,48100.0
1997-07-28,48000.0
1997-08-04,47600.0
1997-08-11,45300.0
1997-08-18,45700.0
1997-08-25,43800.0
1997-09-01,43900.0
1997-09-08,43705.0
1997-09-15,45000.0
1997-09-22,45500.0
1997-09-29,47200.0
1997-10-06,46200.0
1997-10-13,45600.0
1997-10-20,45100.0
1997-10-27,45300.0
1997-11-03,44600.0
1997-11-10,44400.0
1997-11-17,46400.0
1997-11-24,45300.0
1997-12-01,46800.0
1997-12-08,47100.0
1997-12-15,46400.0
1997-12-22,46100.0
1997-12-29,46200.0
1998-01-05,47600.0
1998-01-12,47600.0
1998-01-19,50100.0
1998-01-26,50500.0
1998-02-02,53700.0
1998-02-09,54300.0
1998-02-16,55000.0
1998-02-23,55800.0
1998-03-02,59600.0
1998-03-09,62000.0
1998-03-16,69500.0
1998-03-23,68400.0
1998-03-30,67700.0
1998-04-06,70000.0
1998-04-13,71000.0
1998-04-20,70800.0
1998-04-27,69500.0
1998-05-04,70000.0
1998-05-11,74500.0
1998-05-18,74600.0
1998-05-25,72000.0
1998-06-01,76600.0
1998-06-08,78400.0
1998-06-15,81000.0
1998-06-22,84000.0
1998-06-29,78500.0
1998-07-06,78500.0
1998-07-13,77600.0
1998-07-20,77000.0
1998-07-27,71700.0
1998-08-03,70900.0
1998-08-10,70300.0
1998-08-17,72800.0
1998-08-24,70750.0
1998-08-31,65300.0
1998-09-07,64500.0
1998-09-14,60800.0
1998-09-21,61700.0
1998-09-28,61300.0
1998-10-05,61900.0
1998-10-12,68500.0
1998-10-19,67000.0
1998-10-26,64500.0
1998-11-02,69800.0
1998-11-09,67705.0
1998-11-16,67400.0
1998-11-23,70100.0
1998-11-30,69000.0
1998-12-07,67200.0
1998-12-14,63700.0
1998-12-21,68300.0
1998-12-28,71000.0
1999-01-04,70900.0
1999-01-11,65800.0
1999-01-18,67200.0
1999-01-25,66500.0
1999-02-01,77500.0
1999-02-08,73100.0
1999-02-15,72100.0
1999-02-22,72200.0
1999-03-01,73600.0
1999-03-08,81100.0
1999-03-15,79300.0
1999-03-22,77300.0
1999-03-29,75200.0
1999-04-05,74400.0
1999-04-12,75400.0
1999-04-19,77800.0
1999-04-26,78100.0
1999-05-03,78600.0
1999-05-10,78200.0
1999-05-17,74700.0
1999-05-24,73800.0
1999-05-31,72300.0
1999-06-07,74400.0
1999-06-14,71700.0
1999-06-21,70500.0
1999-06-28,70200.0
1999-07-05,73000.0
1999-07-12,71500.0
1999-07-19,70300.0
1999-07-26,69300.0
1999-08-02,67705.0
1999-08-09,67500.0
1999-08-16,65700.0
1999-08-23,65200.0
1999-08-30,64700.0
1999-09-06,63500.0
1999-09-13,62700.0
1999-09-20,62200.0
1999-09-27,59600.0
1999-10-04,59400.0
1999-10-11,58900.0
1999-10-18,57800.0
1999-10-25,63900.0
1999-11-01,66900.0
1999-11-08,64700.0
1999-11-15,59800.0
1999-11-22,59400.0
1999-11-29,58500.0
1999-12-06,56900.0
1999-12-13,56400.0
1999-12-20,54800.0
1999-12-27,56300.0
2000-01-03,56500.0
2000-01-10,58000.0
2000-01-17,53600.0
2000-01-24,53700.0
2000-01-31,52300.0
2000-02-07,51650.0
2000-02-14,51700.0
2000-02-21,49800.0
2000-02-28,45400.0
2000-03-06,44700.0
2000-03-13,54900.0
2000-03-20,55700.0
2000-03-27,57800.0
2000-04-03,58600.0
2000-04-10,60100.0
2000-04-17,59700.0
2000-04-24,60200.0
2000-05-01,59500.0
2000-05-08,56500.0
2000-05-15,60000.0
2000-05-22,58800.0
2000-05-29,60800.0
2000-06-05,60600.0
2000-06-12,60100.0
2000-06-19,57200.0
2000-06-26,54850.0
2000-07-03,53900.0
2000-07-10,55100.0
2000-07-17,55200.0
2000-07-24,58300.0
2000-07-31,63000.0
2000-08-07,63000.0
2000-08-14,63200.0
2000-08-21,61700.0
2000-08-28,59700.0
2000-09-04,59600.0
2000-09-11,58200.0
2000-09-18,59800.0
2000-09-25,64400.0
2000-10-02,64300.0
2000-10-09,60350.0
2000-10-16,60000.0
2000-10-23,61200.0
2000-10-30,64900.0
2000-11-06,65600.0
2000-11-13,66500.0
2000-11-20,64000.0
2000-11-27,66000.0
2000-12-04,69700.0
2000-12-11,70000.0
2000-12-18,68800.0
2000-12-25,71300.0
2001-01-01,74600.0
2001-01-08,69300.0
2001-01-15,69200.0
2001-01-22,67800.0
2001-01-29,70200.0
2001-02-05,70400.0
2001-02-12,72000.0
2001-02-19,69800.0
2001-02-26,72100.0
2001-03-05,71700.0
2001-03-12,71800.0
2001-03-19,66200.0
2001-03-26,68400.0
2001-04-02,68200.0
2001-04-09,67700.0
2001-04-16,69700.0
2001-04-23,69500.0
2001-04-30,69100.0
2001-05-07,69790.0
2001-05-14,67900.0
2001-05-21,68100.0
2001-05-28,68700.0
2001-06-04,69800.0
2001-06-11,68600.0
2001-06-18,67000.0
2001-06-25,69400.0
2001-07-02,70500.0
2001-07-09,70900.0
2001-07-16,69500.0
2001-07-23,68300.0
2001-07-30,69500.0
2001-08-06,69850.0
2001-08-13,69700.0
2001-08-20,69990.0
2001-08-27,69950.0
2001-09-03,70000.0
2001-09-10,68500.0
2001-09-17,65700.0
2001-09-24,70800.0
2001-10-01,73700.0
2001-10-08,75300.0
2001-10-15,75100.0
2001-10-22,75000.0
2001-10-29,72500.0
2001-11-05,73000.0
2001-11-12,69700.0
2001-11-19,68000.0
2001-11-26,71000.0
2001-12-03,70900.0
2001-12-10,69950.0
2001-12-17,72000.0
2001-12-24,73900.0
2001-12-31,75600.0
2002-01-07,74300.0
2002-01-14,74900.0
2002-01-21,74800.0
2002-01-28,74500.0
2002-02-04,73500.0
2002-02-11,74000.0
2002-02-18,74000.0
2002-02-25,73900.0
2002-03-04,73000.0
2002-03-11,73000.0
2002-03-18,74500.0
2002-03-25,72000.0
2002-04-01,72500.0
2002-04-08,72000.0
2002-04-15,71800.0
2002-04-22,72200.0
2002-04-29,74850.0
2002-05-06,76000.0
2002-05-13,78500.0
2002-05-20,78200.0
2002-05-27,77000.0
2002-06-03,75400.0
2002-06-10,74500.0
2002-06-17,73990.0
2002-06-24,72200.0
2002-07-01,68200.0
2002-07-08,70100.0
2002-07-15,67600.0
2002-07-22,66200.0
2002-07-29,70600.0
2002-08-05,71500.0
2002-08-12,75000.0
2002-08-19,75200.0
2002-08-26,75600.0
2002-09-02,74200.0
2002-09-09,75900.0
2002-09-16,75500.0
2002-09-23,74000.0
2002-09-30,74800.0
2002-10-07,73500.0
2002-10-14,75000.0
2002-10-21,74500.0
2002-10-28,74190.0
2002-11-04,74700.0
2002-11-11,74700.0
2002-11-18,74050.0
2002-11-25,72500.0
2002-12-02,73200.0
2002-12-09,73000.0
2002-12-16,72200.0
2002-12-23,72900.0
2002-12-30,73005.0
2003-01-06,72500.0
2003-01-13,71000.0
2003-01-20,69500.0
2003-01-27,68400.0
2003-02-03,68490.0
2003-02-10,64500.0
2003-02-17,64500.0
2003-02-24,63800.0
2003-03-03,65000.0
2003-03-10,68650.0
2003-03-17,69500.0
2003-03-24,68000.0
2003-03-31,69900.0
2003-04-07,70500.0
2003-04-14,72100.0
2003-04-21,73600.0
2003-04-28,71100.0
2003-05-05,73990.0
2003-05-12,74200.0
2003-05-19,74100.0
2003-05-26,74200.0
2003-06-02,73200.0
2003-06-09,73300.0
2003-06-16,74995.0
2003-06-23,75500.0
2003-06-30,73400.0
2003-07-07,73700.0
2003-07-14,74500.0
2003-07-21,72200.0
2003-07-28,72700.0
2003-08-04,72400.0
2003-08-11,75900.0
2003-08-18,76400.0
2003-08-25,76175.0
2003-09-01,76000.0
2003-09-08,76000.0
2003-09-15,76300.0
2003-09-22,75990.0
2003-09-29,76500.0
2003-10-06,76000.0
2003-10-13,77800.0
2003-10-20,77200.0
2003-10-27,78100.0
2003-11-03,80400.0
2003-11-10,81800.0
2003-11-17,82650.0
2003-11-24,84500.0
2003-12-01,84500.0
2003-12-08,84300.0
2003-12-15,84000.0
2003-12-22,84100.0
2003-12-29,84700.0
2004-01-05,86450.0
2004-01-12,86375.0
2004-01-19,90200.0
2004-01-26,90500.0
2004-02-02,91000.0
2004-02-09,92400.0
2004-02-16,93700.0
2004-02-23,95700.0
2004-03-01,94500.0
2004-03-08,94900.0
2004-03-15,93100.0
2004-03-22,92200.0
2004-03-29,94800.0
2004-04-05,95500.0
2004-04-12,95650.0
2004-04-19,93400.0
2004-04-26,93700.0
2004-05-03,93700.0
2004-05-10,90800.0
2004-05-17,90100.0
2004-05-24,89600.0
2004-05-31,90300.0
2004-06-07,90300.0
2004-06-14,89770.0
2004-06-21,87900.0
2004-06-28,89995.0
2004-07-05,90600.0
2004-07-12,90750.0
2004-07-19,90500.0
2004-07-26,88100.0
2004-08-02,86800.0
2004-08-09,86175.0
2004-08-16,87010.0
2004-08-23,87000.0
2004-08-30,87000.0
2004-09-06,87400.0
2004-09-13,86500.0
2004-09-20,87500.0
2004-09-27,86650.0
2004-10-04,86200.0
2004-10-11,86600.0
2004-10-18,85900.0
2004-10-25,85500.0
2004-11-01,85200.0
2004-11-08,85200.0
2004-11-15,86350.0
2004-11-22,85100.0
2004-11-29,85900.0
2004-12-06,85500.0
2004-12-13,86600.0
2004-12-20,89400.0
2004-12-27,89500.0
2005-01-03,88000.0
2005-01-10,87790.0
2005-01-17,90500.0
2005-01-24,90300.0
2005-01-31,91000.0
2005-02-07,92000.0
2005-02-14,91900.0
2005-02-21,91100.0
2005-02-28,90805.0
2005-03-07,91050.0
2005-03-14,90800.0
2005-03-21,88200.0
2005-03-28,87700.0
2005-04-04,88900.0
2005-04-11,88100.0
2005-04-18,86375.0
2005-04-25,85000.0
2005-05-02,86210.0
2005-05-09,84500.0
2005-05-16,84100.0
2005-05-23,85800.0
2005-05-30,85600.0
2005-06-06,83900.0
2005-06-13,84400.0
2005-06-20,84300.0
2005-06-27,83850.0
2005-07-04,85450.0
2005-07-11,85400.0
2005-07-18,84000.0
2005-07-25,84200.0
2005-08-01,84300.0
2005-08-08,84200.0
2005-08-15,85200.0
2005-08-22,84800.0
2005-08-29,83300.0
2005-09-05,84600.0
2005-09-12,83800.0
2005-09-19,83200.0
2005-09-26,84100.0
2005-10-03,83200.0
2005-10-10,84900.0
2005-10-17,84990.0
2005-10-24,85390.0
2005-10-31,88600.0
2005-11-07,90900.0
2005-11-14,90450.0
2005-11-21,89300.0
2005-11-28,91200.0
2005-12-05,90700.0
2005-12-12,89900.0
2005-12-19,89400.0
2005-12-26,88975.0
2006-01-02,90300.0
2006-01-09,89900.0
2006-01-16,90200.0
2006-01-23,89850.0
2006-01-30,89600.0
2006-02-06,88300.0
2006-02-13,88490.0
2006-02-20,87500.0
2006-02-27,87700.0
2006-03-06,90200.0
2006-03-13,90600.0
2006-03-20,90300.0
2006-03-27,90425.0
2006-04-03,90650.0
2006-04-10,89000.0
2006-04-17,87000.0
2006-04-24,89000.0
2006-05-01,89700.0
2006-05-08,90200.0
2006-05-15,93000.0
2006-05-22,93100.0
2006-05-29,92700.0
2006-06-05,91900.0
2006-06-12,92500.0
2006-06-19,92600.0
2006-06-26,92200.0
2006-07-03,92100.0
2006-07-10,91600.0
2006-07-17,91000.0
2006-07-24,91500.0
2006-07-31,92000.0
2006-08-07,93700.0
2006-08-14,95572.0
2006-08-21,96700.0
2006-08-28,96500.0
2006-09-04,96400.0
2006-09-11,97100.0
2006-09-18,96850.0
2006-09-25,96100.0
2006-10-02,100100.0
2006-10-09,100000.0
2006-10-16,100000.0
2006-10-23,105450.0
2006-10-30,105600.0
2006-11-06,108800.0
2006-11-13,107900.0
2006-11-20,107800.0
2006-11-27,107800.0
2006-12-04,110000.0
2006-12-11,113700.0
2006-12-18,114500.0
2006-12-25,110300.0
2007-01-01,110600.0
2007-01-08,110200.0
2007-01-15,110400.0
2007-01-22,110100.0
2007-01-29,110700.0
2007-02-05,109300.0
2007-02-12,109450.0
2007-02-19,109400.0
2007-02-26,107850.0
2007-03-05,109550.0
2007-03-12,109700.0
2007-03-19,109350.0
2007-03-26,108990.0
2007-04-02,109100.0
2007-04-09,110000.0
2007-04-16,110000.0
2007-04-23,109850.0
2007-04-30,109500.0
2007-05-07,110490.0
2007-05-14,109990.0
2007-05-21,109990.0
2007-05-28,109800.0
2007-06-04,109900.0
2007-06-11,109900.0
2007-06-18,109400.0
2007-06-25,109475.0
2007-07-02,111880.0
2007-07-09,112000.0
2007-07-16,110800.0
2007-07-23,110550.0
2007-07-30,110300.0
2007-08-06,113390.0
2007-08-13,118500.0
2007-08-20,120800.0
2007-08-27,119910.0
2007-09-03,120200.0
2007-09-10,120000.0
2007-09-17,119900.0
2007-09-24,118750.0
2007-10-01,121100.0
2007-10-08,128300.0
2007-10-15,129995.0
2007-10-22,128110.0
2007-10-29,133050.0
2007-11-05,135600.0
2007-11-12,138600.0
2007-11-19,136800.0
2007-11-26,140700.0
2007-12-03,150900.0
2007-12-10,151650.0
2007-12-17,140000.0
2007-12-24,141400.0
2007-12-31,144300.0
2008-01-07,135500.0
2008-01-14,134400.0
2008-01-21,145000.0
2008-01-28,141400.0
2008-02-04,138500.0
2008-02-11,145300.0
2008-02-18,145900.0
2008-02-25,141000.0
2008-03-03,139000.0
2008-03-10,133990.0
2008-03-17,130690.0
2008-03-24,134000.0
2008-03-31,135500.0
2008-04-07,132990.0
2008-04-14,131300.0
2008-04-21,128900.0
2008-04-28,135000.0
2008-05-05,133190.0
2008-05-12,126000.0
2008-05-19,125200.0
2008-05-26,134770.0
2008-06-02,135450.0
2008-06-09,128600.0
2008-06-16,127420.0
2008-06-23,124600.0
2008-06-30,120750.0
2008-07-07,119850.0
2008-07-14,118200.0
2008-07-21,119400.0
2008-07-28,116990.0
2008-08-04,117600.0
2008-08-11,120100.0
2008-08-18,119690.0
2008-08-25,118500.0
2008-09-01,120950.0
2008-09-08,121000.0
2008-09-15,147000.0
2008-09-22,143500.0
2008-09-29,140900.0
2008-10-06,133650.0
2008-10-13,122200.0
2008-10-20,125450.0
2008-10-27,115750.0
2008-11-03,119200.0
2008-11-10,112500.0
2008-11-17,99700.0
2008-11-24,105050.0
2008-12-01,103400.0
2008-12-08,107500.0
2008-12-15,101300.0
2008-12-22,97310.0
2008-12-29,99990.0
2009-01-05,102600.0
2009-01-12,96890.0
2009-01-19,90675.0
2009-01-26,90575.0
2009-02-02,91300.0
2009-02-09,91200.0
2009-02-16,86900.0
2009-02-23,81600.0
2009-03-02,76350.0
2009-03-09,86500.0
2009-03-16,85300.0
2009-03-23,91900.0
2009-03-30,92490.0
2009-04-06,92888.0
2009-04-13,92500.0
2009-04-20,90000.0
2009-04-27,95500.0
2009-05-04,95499.0
2009-05-11,93780.0
2009-05-18,93500.0
2009-05-25,92605.0
2009-06-01,93010.0
2009-06-08,91904.0
2009-06-15,90700.0
2009-06-22,87578.0
2009-06-29,90990.0
2009-07-06,88600.0
2009-07-13,90975.0
2009-07-20,95300.0
2009-07-27,97900.0
2009-08-03,108450.0
2009-08-10,106999.0
2009-08-17,101998.0
2009-08-24,102840.0
2009-08-31,100850.0
2009-09-07,99600.0
2009-09-14,104875.0
2009-09-21,103269.0
2009-09-28,101949.0
2009-10-05,101400.0
2009-10-12,102370.0
2009-10-19,101700.0
2009-10-26,101100.0
2009-11-02,103621.0
2009-11-09,105980.0
2009-11-16,104101.0
2009-11-23,104388.0
2009-11-30,101300.0
2009-12-07,100200.0
2009-12-14,100899.0
2009-12-21,99500.0
2009-12-28,99280.0
2010-01-04,100300.0
2010-01-11,100750.0
2010-01-18,109995.0
2010-01-25,116650.0
2010-02-01,116910.0
2010-02-08,116337.0
2010-02-15,118950.0
2010-02-22,120155.0
2010-03-01,125050.0
2010-03-08,140711.0
2010-03-15,124428.0
2010-03-22,123515.0
2010-03-29,122898.0
2010-04-05,122908.0
2010-04-12,121610.0
2010-04-19,120177.0
2010-04-26,119499.0
2010-05-03,117950.0
2010-05-10,118116.0
2010-05-17,116000.0
2010-05-24,110068.0
2010-05-31,108955.0
2010-06-07,112025.0
2010-06-14,120000.0
2010-06-21,122300.0
2010-06-28,121999.0
2010-07-05,119899.0
2010-07-12,120266.0
2010-07-19,118336.0
2010-07-26,119110.0
2010-08-02,121385.0
2010-08-09,121273.0
2010-08-16,119235.0
2010-08-23,118100.0
2010-08-30,122465.0
2010-09-06,124025.0
2010-09-13,126199.0
2010-09-20,128730.0
2010-09-27,125758.0
2010-10-04,125706.0
2010-10-11,126568.0
2010-10-18,125344.0
2010-10-25,125894.0
2010-11-01,125649.0
2010-11-08,124500.0
2010-11-15,121525.0
2010-11-22,120690.0
2010-11-29,122070.0
2010-12-06,121698.0
2010-12-13,121270.0
2010-12-20,121029.0
2010-12-27,120450.0
2011-01-03,121426.0
2011-01-10,122475.0
2011-01-17,123100.0
2011-01-24,125036.0
2011-01-31,125720.0
2011-02-07,127400.0
2011-02-14,128219.0
2011-02-21,127841.0
2011-02-28,131463.0
2011-03-07,129700.0
2011-03-14,127101.0
2011-03-21,128251.0
2011-03-28,128250.0
2011-04-04,125751.0
2011-04-11,123559.0
2011-04-18,123691.0
2011-04-25,125599.0
2011-05-02,123830.0
2011-05-09,122118.0
2011-05-16,120264.0
2011-05-23,118059.0
2011-05-30,118775.0
2011-06-06,114235.0
2011-06-13,113850.0
2011-06-20,115206.0
2011-06-27,117250.0
2011-07-04,116865.0
2011-07-11,115402.0
2011-07-18,116322.0
2011-07-25,114432.0
2011-08-01,113445.0
2011-08-08,109640.0
2011-08-15,110000.0
2011-08-22,107533.0
2011-08-29,110450.0
2011-09-05,106120.0
2011-09-12,107729.0
2011-09-19,106168.0
2011-09-26,111555.0
2011-10-03,110800.0
2011-10-10,112975.0
2011-10-17,116329.0
2011-10-24,120755.0
2011-10-31,119508.0
2011-11-07,117527.0
2011-11-14,115203.0
2011-11-21,113145.0
2011-11-28,118500.0
2011-12-05,118350.0
2011-12-12,116685.0
2011-12-19,116689.0
2011-12-26,117026.0
2012-01-02,117390.0
2012-01-09,117850.0
2012-01-16,119800.0
2012-01-23,120000.0
2012-01-30,120000.0
2012-02-06,119982.0
2012-02-13,119425.0
2012-02-20,120125.0
2012-02-27,120627.0
2012-03-05,119292.0
2012-03-12,122238.0
2012-03-19,122420.0
2012-03-26,123578.0
2012-04-02,123000.0
2012-04-09,120500.0
2012-04-16,121480.0
2012-04-23,120990.0
2012-04-30,122275.0
2012-05-07,123868.0
2012-05-14,122230.0
2012-05-21,121562.0
2012-05-28,120400.0
2012-06-04,122005.0
2012-06-11,123734.0
2012-06-18,124564.0
2012-06-25,124950.0
2012-07-02,125719.0
2012-07-09,126715.0
2012-07-16,127988.0
2012-07-23,128040.0
2012-07-30,128538.0
2012-08-06,129040.0
2012-08-13,128880.0
2012-08-20,128876.0
2012-08-27,128624.0
2012-09-03,130039.0
2012-09-10,133789.0
2012-09-17,134892.0
2012-09-24,134535.0
2012-10-01,136100.0
2012-10-08,135915.0
2012-10-15,136345.0
2012-10-22,134000.0
2012-10-29,132638.0
2012-11-05,131066.0
2012-11-12,130110.0
2012-11-19,132606.0
2012-11-26,132956.0
2012-12-03,132850.0
2012-12-10,135010.0
2012-12-17,136208.0
2012-12-24,135002.0
2012-12-31,141476.0
2013-01-07,142050.0
2013-01-14,143792.0
2013-01-21,147312.0
2013-01-28,148562.0
2013-02-04,147350.0
2013-02-11,153090.0
2013-02-18,153160.0
2013-02-25,153739.0
2013-03-04,156186.0
2013-03-11,156455.0
2013-03-18,154251.0
2013-03-25,156634.0
2013-04-01,158330.0
2013-04-08,160525.0
2013-04-15,161175.0
2013-04-22,161969.0
2013-04-29,163771.0
2013-05-06,167780.0
2013-05-13,169558.0
2013-05-20,170250.0
2013-05-27,172450.0
2013-06-03,173256.0
2013-06-10,173810.0
2013-06-17,173399.0
2013-06-24,170550.0
2013-07-01,172360.0
2013-07-08,176000.0
2013-07-15,178533.0
2013-07-22,178900.0
2013-07-29,177604.0
2013-08-05,178547.0
2013-08-12,176447.0
2013-08-19,173153.0
2013-08-26,172360.0
2013-09-02,169299.0
2013-09-09,171361.0
2013-09-16,176783.0
2013-09-23,175300.0
2013-09-30,171602.0
2013-10-07,173638.0
2013-10-14,176300.0
2013-10-21,176360.0
2013-10-28,176465.0
2013-11-04,173929.0
2013-11-11,174443.0
2013-11-18,175908.0
2013-11-25,175856.0
2013-12-02,175000.0
2013-12-09,176140.0
2013-12-16,175600.0
2013-12-23,177320.0
2013-12-30,177950.0
2014-01-06,177199.0
2014-01-13,173999.0
2014-01-20,173800.0
2014-01-27,170499.0
2014-02-03,169599.0
2014-02-10,173833.0
2014-02-17,172999.0
2014-02-24,173717.0
2014-03-03,184355.0
2014-03-10,188852.0
2014-03-17,188598.0
2014-03-24,188380.0
2014-03-31,188000.0
2014-04-07,186984.0
2014-04-14,191506.0
2014-04-21,191880.0
2014-04-28,194530.0
2014-05-05,194670.0
2014-05-12,192320.0
2014-05-19,191000.0
2014-05-26,193000.0
2014-06-02,192908.0
2014-06-09,192878.0
2014-06-16,191860.0
2014-06-23,191059.0
2014-06-30,193649.0
2014-07-07,193597.0
2014-07-14,193860.0
2014-07-21,193450.0
2014-07-28,192948.0
2014-08-04,196391.0
2014-08-11,203355.0
2014-08-18,205169.0
2014-08-25,205880.0
2014-09-01,208474.0
2014-09-08,208341.0
2014-09-15,213612.0
2014-09-22,211079.0
2014-09-29,209420.0
2014-10-06,210359.0
2014-10-13,208387.0
2014-10-20,209251.0
2014-10-27,212300.0
2014-11-03,215925.0
2014-11-10,219817.0
2014-11-17,220369.0
2014-11-24,224070.0
2014-12-01,225981.0
2014-12-08,229374.0
2014-12-15,229300.0
2014-12-22,229000.0
2014-12-29,228870.0
2015-01-05,227500.0
2015-01-12,226420.0
2015-01-19,225441.0
2015-01-26,224517.0
2015-02-02,227450.0
2015-02-09,225820.0
2015-02-16,224000.0
2015-02-23,224010.0
2015-03-02,221900.0
2015-03-09,220845.0
2015-03-16,220546.0
2015-03-23,219999.0
2015-03-30,220000.0
2015-04-06,217401.0
2015-04-13,216160.0
2015-04-20,215575.0
2015-04-27,215930.0
2015-05-04,222880.0
2015-05-11,223011.0
2015-05-18,220650.0
2015-05-25,217905.0
2015-06-01,216420.0
2015-06-08,212740.0
2015-06-15,214800.0
2015-06-22,214200.0
2015-06-29,208620.0
2015-07-06,210500.0
2015-07-13,216001.0
2015-07-20,217100.0
2015-07-27,215600.0
2015-08-03,216000.0
2015-08-10,215300.0
2015-08-17,213700.0
2015-08-24,205780.0
2015-08-31,204300.0
2015-09-07,202700.0
2015-09-14,201330.0
2015-09-21,197300.0
2015-09-28,199750.0
2015-10-05,201595.0
2015-10-12,202055.0
2015-10-19,207002.0
2015-10-26,207776.0
2015-11-02,207780.0
2015-11-09,203435.0
2015-11-16,206069.0
2015-11-23,205130.0
2015-11-30,205015.0
2015-12-07,204473.0
2015-12-14,204100.0
2015-12-21,203600.0
2015-12-28,201800.0
2016-01-04,197880.0
2016-01-11,194810.0
2016-01-18,192938.0
2016-01-25,194650.0
2016-02-01,195190.0
2016-02-08,194700.0
2016-02-15,199001.0
2016-02-22,200000.0
2016-02-29,207945.0
2016-03-07,211600.0
2016-03-14,214560.0
2016-03-21,214538.0
2016-03-28,215950.0
2016-04-04,215600.0
2016-04-11,216250.0
2016-04-18,219600.0
2016-04-25,221985.0
2016-05-02,220640.0
2016-05-09,217280.0
2016-05-16,213680.0
2016-05-23,217300.0
2016-05-30,216070.0
2016-06-06,214000.0
2016-06-13,213925.0
2016-06-20,218850.0
2016-06-27,217210.0
2016-07-04,215550.0
2016-07-11,219940.0
2016-07-18,220360.0
2016-07-25,217600.0
2016-08-01,218150.0
2016-08-08,222030.0
2016-08-15,224000.0
2016-08-22,223870.0
2016-08-29,226490.0
2016-09-05,226340.0
2016-09-12,224000.0
2016-09-19,220500.0
2016-09-26,218200.0
2016-10-03,217370.0
2016-10-10,218470.0
2016-10-17,218500.0
2016-10-24,217810.0
2016-10-31,217090.0
2016-11-07,235870.0
2016-11-14,237893.0
2016-11-21,238590.0
2016-11-28,240200.0
2016-12-05,248820.0
2016-12-12,250786.0
2016-12-19,249929.0
2016-12-26,248625.0
2017-01-02,246730.0
2017-01-09,244990.0
2017-01-16,242300.0
2017-01-23,247640.0
2017-01-30,247775.0
2017-02-06,246950.0
2017-02-13,252860.0
2017-02-20,255200.0
2017-02-27,266445.0
2017-03-06,263900.0
2017-03-13,263340.0
2017-03-20,259270.0
2017-03-27,253000.0
2017-04-03,252424.0
2017-04-10,250930.0
2017-04-17,247950.0
2017-04-24,253390.0
2017-05-01,252000.0
2017-05-08,250000.0
2017-05-15,246450.0
2017-05-22,248820.0
2017-05-29,250600.0
2017-06-05,255180.0
2017-06-12,257698.0
2017-06-19,257945.0
2017-06-21,256400.0
